SpecimenID,ScanID,ScanIDwAlternate,GrowthForm,GrowthFormVer,GrowthFormWal,Whole.,Quality,DamageLevel,Species,Method,NoncoralSubstrateEyeball,Attachment.point.,ZCull.,Collection.Location,Expedition.Collector,Depth,Other.data,Photos,Notes,OuterSAScaled,ColonyPlanarAreaGrid,WholeWeight,CenterofMassToAttachDist,ColonyXLength,ColonyYLength,ColonyHeight,ColonySA,ColonyVol,ColonySA2ndMomentVert,ColonyVol2ndMomentVert,ColonySAScaled,ColonyVolScaled,ColonySA2ndMomentVertScaled,ColonyVol2ndMomentVertScaled,OuterSA,OuterSA2ndMomentVert,OuterSA2ndMomentVertScaled,ConvexVol,ConvexSA,ConvexVolScaled,ConvexSAScaled,FractalDimension,PlanarArea,Sphericity,Packing,Convexity,Vvol,Vsa
1,S9MaGret,S9MaGret,Massive,Massive,,Y,High,None,Gret,LZ,None,Y,N,Maldives,Matthai Gardiner,,,Y,,5.510401554,8539,524,16.49392481,101.7874,112.0488,69.31594118,30929.50122,420517.9154,1144481.49,10636328.94,5.510401554,1,2.721599837,0.337607762,25316.42383,1108046.797,2.254440933,433649.1229,29650.55312,0.964660504,5.035002435,2.251604273,85.39,0.877608613,1.043134039,0.96971928,0.337607762,2.721599837
2,S99CoAval,S99CoAval (var),Corymbose,Corymbose,Corymbose,Y,Medium,Very few branches missing,Aval,LZ,Minor,Y,MAYBE,"GBR, Australia",Savvile Kent,,,Y,,18.83945141,12227,410,51.14399697,129.2094,154.3562,105.1027135,90436.84882,328252.308,5902009.685,12753666.94,19.00524893,1,17.9801011,0.563237229,88223.47161,5847899.751,0.543106087,1027072.594,52366.75887,2.768011856,10.23902139,2.439864657,122.27,0.25445475,1.726989617,0.319599909,0.563237229,17.9801011
4,S97CoAval,S97CoAval (var),Corymbose,Corymbose,Corymbose,Y,Medium,None,Aval,LZ,Some,Y,MAYBE,"Mahe, Seychelles",B.R.Rosen,,Reef margins w/o surge channel,Y,,13.91913879,14229,701,32.36142328,144.2505,157.8938,80.02995773,82538.37494,436365.6752,3991379.679,11544068.03,14.34681593,1,9.146869028,0.348785243,75058.63138,3862506.688,2.451685424,930800.1508,50744.96796,1.724642297,7.740896648,2.44037755,142.29,0.337076595,1.626533196,0.468807053,0.348785243,9.146869028
5,S96CoAval,S96CoAval (var),Corymbose,Corymbose,Corymbose,Y,Medium,Very few branches missing,Aval,LZ,Some,N,Y,Capricorn Is. GBR,Savvile Kent,,,Y,,12.24857176,2931,122,28.38084124,61.8659,83.8497,76.7945597,21547.13214,70236.00992,925849.6778,1562031.928,12.65754813,1,13.18198,0.539026518,20108.04012,910093.6546,1.863516848,188184.2945,17427.43222,1.438065037,6.854048466,2.297163313,29.31,0.382062609,1.236391677,0.373229924,0.539026518,13.18198
6,S95CoAval,S95CoAval (var),Corymbose,Corymbose,Corymbose,Y,Medium,None,Aval,LZ,None,N,N,"Remire, Seychelles",B.R.Rosen,,,Y,,11.35254055,2621,45,43.41805201,64.7658,78.8787,27.0478472,14697.07576,39488.01606,402726.2596,673422.0421,12.67420488,1,10.1986957,0.500802984,14620.92807,400876.3603,-0.000838475,103781.5638,11655.26288,2.081555102,8.768226519,2.277543042,26.21,0.381560493,1.26098192,0.380491627,0.500802984,10.1986957
8,S93CoAval,S93CoAval,Corymbose,Corymbose,Corymbose,Y,Medium,Lots of branches missing,Aval,LZ,None,Y,N,"Thursday Is., Torres Straits",Savvile Kent,,,Y,,14.29182008,12894,423,54.80360357,141.1818,151.8974,59.57536449,71833.10831,314289.5786,3019502.171,8656436.839,15.53953452,1,9.607388777,0.405103371,68959.4631,2946473.915,0.02585834,891405.8085,50297.11243,1.722058619,8.161364923,2.394511474,128.94,0.31120468,1.428175592,0.352577441,0.405103371,9.607388777
9,S92CoAval,S92CoAval,Corymbose,Corymbose,Corymbose,Y,Medium,Very few branches missing,Aval,LZ,None,Y,N,"Christmas Islands, indian Ocean",C.W. Audruy?,,,Y,,14.49743644,4937,118,16.72783102,83.1442,98.874,50.84282017,32528.27889,98391.98387,784542.0151,1247710.049,15.26234524,1,7.973637529,0.274684434,29235.68362,768115.519,1.052736806,235629.723,20385.55356,2.06505256,8.683064151,2.367917155,49.37,0.316856668,1.595653451,0.417570341,0.274684434,7.973637529
11,S90ArAabr,S90ArAabr,Arborescent,Branching-open,Arborescent-table,Y,High,Some branches missing,Aabr,LZ,Minor,Y,N,,Challenger,,,Y,,19.78603526,56892,3255,81.09467764,308.014,346.116,208.804212,375886.312,2572732.15,39946246.48,153079859.4,20.01981817,1,15.52678015,0.434235464,366519.4858,39679173.83,0.147793309,9799749.974,240917.1096,3.107745015,11.46292681,2.464539457,568.92,0.24155943,1.560230872,0.262530387,0.434235464,15.52678015
12,S8MaGpec,S8MaGpec,Massive,Submassive,,Y,High,Some edge material missing,Gpec,LZ,Minor,Y,N,Red Sea,Matthai Gardiner,,,Y,,5.99315046,8010,607,19.86381771,100.0223,103.1237,87.23424088,41142.40412,436518.4954,1508808.706,10252304.65,7.149701317,1,3.45645997,0.309612132,34204.85611,1488066.816,-0.330745741,490261.1604,33215.80139,1.106080596,5.736003719,2.278022747,80.1,0.676388516,1.238639515,0.890379517,0.309612132,3.45645997
13,S89ArAabr,S89ArAabr ,Arborescent,Branching-open,Arborescent-table,Y,High,Very few branches missing,Aabr,LZ,Mounted on plinth,Y,MAYBE,Tahiti,Challenger,,,Y,,20.9836508,28265,1641.5,78.60223029,237.902,276.054,203.6236797,194765.527,882132.6988,18913969.71,46773529.31,21.1749703,1,21.44118424,0.552868161,189756.7095,18796684.77,4.893053062,6035309.907,174098.4276,6.532135258,18.35004447,2.367873944,282.65,0.228381707,1.118709282,0.146161956,0.552868161,21.44118424
15,S87ArAabr,S87ArAabr (irr),Arborescent,Branching-open,Arborescent-table,Y,Medium,Very few branches missing,Aabr,LZ,Minor,N,N,"Aldabra, Indian Ocean",J.D.Taylor,,,Y,,11.43581135,13743,472,71.67739935,131.9366,215.93,67.40427359,60621.96893,295356.9405,2836672.241,9003175.767,13.6688481,1,9.604217311,0.457719577,57165.96621,2695288.178,0.039440963,1468640.643,72684.59869,4.641795203,15.65957346,2.325894207,137.43,0.353795421,0.834041462,0.201109061,0.457719577,9.604217311
16,S86ArAint,S86ArAint (nob),Arborescent,Branching-open,Arborescent,P,High,Some major branches missing,Aint,LZ,None,N,N,,,,,Y,,25.68973079,71896,3099,130.4218719,326.793,456.455,170.3483139,386607.3924,1800516.517,38196819.5,111924947.1,26.12193919,1,21.21436773,0.510972371,383734.3581,38105347.36,-0.39604494,13816140.87,330776.579,6.887198279,21.27444426,2.417921359,718.96,0.185130814,1.168787082,0.130319786,0.510972371,21.21436773
17,S85CoAmil,S85CoAmil (squ),Corymbose,Corymbose,Corymbose,Y,Medium,Some branches missing,Amil,LZ,None,Y,MAYBE,Cleremout Is. GBR,Savvile Kent,,,Y,TYPE SPECIMEN: Acropora squamosa (millepora),27.71442705,26130,494.5,53.24479437,183.7262,236.083,94.76029573,172067.9058,484097.945,10883505.81,17387202.53,27.90900673,1,22.48203267,0.457423768,169336.2541,10812721.92,0.431098186,2012847.875,90321.82612,3.655561279,13.68471293,2.490556044,261.3,0.173276531,1.905053443,0.24050399,0.457423768,22.48203267
19,S83CoAmil,S83CoAmil,Corymbose,Corymbose,Corymbose,Y,Medium,Some branches missing,Amil,LZ,None,Y,Y,,,,,Y,"MOVED TO  18b, ID: Umeg, ",26.3167818,14812,215,38.50061012,160.2669,185.8751,76.78102352,83588.0447,176835.3792,3614244.391,4371422.833,26.53167859,1,20.43846886,0.440416863,81446.22546,3583218.984,0.181252154,1016766.007,58762.0591,5.035015322,17.46529633,2.410585758,148.12,0.182271764,1.422483248,0.173919445,0.440416863,20.43846886
20,S82TaAcyt,S82TaAcyt,Tabular,Table/Plate,Table/Plate,Y,Medium,Some branches missing,Acyt,LZ,Minor,Y,Y,Mozambique,D.J.W.Gregory,,,Y,"Corymbose growth form? MOVED TO 12b, REIDENTIFIED  as Acropora cytherea",27.75613548,28955,649.5,59.66026105,204.556,245.556,120.4940355,200660.3728,613590.4159,16049605.18,28065646.48,27.78919095,1,26.15687072,0.538274278,195485.694,15907471.62,0.286216814,2668687.129,107091.228,3.985467342,14.19883334,2.506275556,289.55,0.174023629,1.873733046,0.2299222,0.538274278,26.15687072
21,S81CoAspa,S81CoAspa (squ),Corymbose,Corymbose,Corymbose,Y,High,Some branches missing,Aspa,LZ,Some,Y,N,Solomon Is.,J.W.E.Lomax Esq,,,Y,MOVED TO  18b,18.9484976,10458,424,45.17151718,105.9182,145.8856,98.14955217,87503.23092,309301.0018,5062900.134,9590734.648,19.13241847,1,16.36884493,0.458504328,84360.10913,4985144.387,0.554264982,894592.2515,47827.00433,2.168526598,8.797958624,2.484859773,104.58,0.252763438,1.829577916,0.345745228,0.458504328,16.36884493
22,S7MaGpec,S7MaGpec,Massive,Submassive,,Y,High,Some edge material missing,Gpec,LZ,None,Y,N,"GBR, Australia","GBR Expedition, ",,,Y,,5.479138013,1813,29,6.27706905,45.8844,50.5082,26.94229414,6910.333786,30556.03767,73372.75781,201951.4382,7.070242898,1,2.401252368,0.211406126,5224.743672,70441.81446,0.163830075,35216.42467,5862.355723,1.123654409,5.917257815,2.155390442,18.13,0.68399006,1.178763984,0.867664391,0.211406126,2.401252368
24,S77DiAhum,S77DiAhum (fru),Digitate,Digitate,Corymbose,Y,Medium,Some branches missing,Ahum,LZ,Minor,Y,N,,,,,Y,TYPE SPECIMEN: Acropora fructicosa (humilis),18.8894068,41996,2673.5,71.15026302,254.017,258.845,176.2016016,349901.256,2460340.68,29860240.26,119176123.1,19.19915006,1,12.13662827,0.358808115,338006.8359,29661617.88,0.272639943,5888952.801,164997.8656,2.131199335,8.421531782,2.497125101,419.96,0.251884893,2.120641105,0.417789166,0.358808115,12.13662827
25,S76TaAcyt,S76TaAcyt,Tabular,Table/Plate,Table/Plate,Y,Medium,None,Acyt,LZ,Some,Y,N,"Palau Sang Sang, Malaysia",C.Betteton,,,Y,,12.83731472,2594,77,24.39304484,57.6265,85.1773,36.80339896,13045.98521,29391.98902,234872.2091,314719.3581,13.69801269,1,7.991028065,0.346964324,12265.52887,224713.5503,1.21702568,84243.25997,10456.30506,2.190296835,9.194295772,2.279101406,25.94,0.353042151,1.247666851,0.34889425,0.346964324,7.991028065
26,S73TaAcyt,S73TaAcyt (arm),Tabular,Table/Plate,Table/Plate,Y,Medium,Very few branches missing,Acyt,LZ,Minor,Y,Y,Diego Garcia,G.C.Bourne Esq,,,Y,,19.02485108,9583,205.5,46.50420673,115.6845,132.6521,98.97717272,57753.37024,164799.312,3839861.71,6310136.791,19.21352589,1,23.30022901,0.69839038,55776.03286,3803330.252,0.373600105,583053.4937,39659.55833,3.278796013,12.51927683,2.383341121,95.83,0.251696429,1.456228276,0.2826487,0.69839038,23.30022901
27,S72TaAcyt,S72TaAcyt (arm),Tabular,Table/Plate,Table/Plate,Y,Medium,Some branches missing,Acyt,LZ,None,Y,Y,Singapore,W.E.Hands Esq,,,Y,TYPE SPECIMEN: Acropora armata (cytherea),27.90723292,27097,614,80.77380664,227.521,226.004,126.7530509,175369.7212,495256.6444,16365284.08,26769360.7,28.01567373,1,33.0440475,0.683173353,174547.1053,16351108.91,-0.048661597,2299324.093,101128.0674,4.186598811,15.16314723,2.490503612,270.97,0.172616797,1.734135,0.215392274,0.683173353,33.0440475
28,S71DiAgem,S71DiAgem (aus: fdig?),Digitate,Digitate,,Y,High,Some edge material missing,Agem,LZ,Major,Y,N,Wreck Bay,H.M.S Fly,,,Y,TYPE SPECIMEN : Acropora australis (gemmifera),7.351644063,3282,232.5,15.28370901,66.518,73.2513,54.50266018,17444.62216,102027.4904,647313.0799,2391520.15,7.98944782,1,6.344496739,0.501631083,15135.45358,605760.5698,-0.137069788,146464.7301,14564.7467,1.045259139,5.503316797,2.272998111,32.82,0.605295381,1.197729183,0.696601088,0.501631083,6.344496739
29,S70DiAgem,S70DiAgem (aus),Digitate,Digitate,,Y,Medium,Some branches missing,Agem,LZ,Some,Y,N,"Low Woody Is., GBR",Savvile Kent,,,Y,,18.57823709,26583,1434.5,55.25132337,219.1449,264.722,111.5392966,181438.5486,940548.5024,10570489.55,29679161.64,18.90059308,1,11.23864375,0.322064879,174830.7708,10474875.9,0.685216452,2897612.11,113300.6306,2.353753072,10.33781628,2.446464916,265.83,0.25586371,1.601390457,0.324594344,0.322064879,11.23864375
30,S6MaGpec,S6MaGpec,Massive,Submassive,,Y,High,Some edge material missing,Gpec,LZ,Minor,Y,N,"Bandim Is, N.W Australia",PWBS,,,Y,,5.808633869,2621,83,10.12075129,52.6949,66.2131,33.57775824,10645.84273,56009.5001,147351.616,482206.1951,7.272307737,1,2.630832551,0.225017964,8356.513286,141942.52,-0.421090853,63624.28471,8674.946826,1.078815158,5.659285362,2.196846335,26.21,0.664985041,1.227194004,0.880316382,0.225017964,2.630832551
31,S69DiAgem,S69DiAgem (aus: fdig?),Digitate,Digitate,,Y,Medium,None,Agem,LZ,Some,Y,Y,Darnley Is,H.M.S Fly,,,Y,,10.49634811,10252,801.5,34.40865501,112.1917,120.7834,84.89523955,64898.5965,450715.947,2874375.245,11218166.8,11.03993938,1,6.377354217,0.324627017,57890.53522,2805439.753,1.182580625,697279.2091,40224.59526,1.200279568,5.882465567,2.412351566,102.52,0.438043697,1.61340583,0.646392351,0.324627017,6.377354217
32,S68DiAgem,S68DiAgem (aus: fdig?),Digitate,Digitate,,Y,Medium,Very few branches missing,Agem,LZ,Some,Y,Y,,M.W.H.Ince,,,Y,,11.29657352,15290,1214,30.68854993,146.9753,165.2489,75.72020969,81766.14381,568942.4665,3611779.821,13933829.44,11.90861575,1,6.348233843,0.295560248,71388.69322,3474409.114,1.674500406,986624.4139,53431.97759,1.305232558,6.642161853,2.418357855,152.9,0.406090512,1.530284813,0.576655573,0.295560248,6.348233843
33,S66DiAgem,S66DiAgem (hum?),Digitate,Digitate,,Y,Medium,Very few branches missing,Agem,LZ,Minor,Y,Y,"Thursday Is., Torres Straits",Savvile Kent,,,Y,Possible mis-ID: A.humilis?,13.75576569,18530,881,58.3830733,172.6213,179.0954,113.0355494,127387.6774,862270.9209,10100479.89,38690240.49,14.06149811,1,11.7138125,0.471421923,119286.1362,9919092.753,0.443515334,1639675.637,71614.96445,1.429179235,6.680577289,2.451288451,185.3,0.34391612,1.778785738,0.525878961,0.471421923,11.7138125
34,S65DiAgem,S65DiAgem,Digitate,Digitate,,Y,Medium,Very few branches missing,Agem,LZ,Some,Y,Y,Rocky is. GBR,Savvile Kent,,,Y,TYPE SPECIMEN: Acropora gemmifera ,14.77503085,13297,703.5,48.3338606,145.2746,174.2979,105.1694385,94058.34298,491189.2037,5797291.761,16732784.78,15.10885136,1,11.80256349,0.431754105,88637.36014,5712353.655,1.595733729,1240653.639,59804.57388,2.092345939,8.602813902,2.409895693,132.97,0.320075679,1.572761695,0.395911629,0.431754105,11.80256349
35,S64DiAgem,S64DiAgem,Digitate,Digitate,,Y,Medium,Some branches missing,Agem,LZ,Some,Y,N,"Kandaru, Fiji",Challenger,,,Y,,14.03717715,19727,1210,43.11979539,150.7022,218.786,97.1218326,125623.5501,809823.4957,7882759.887,28602311.69,14.45919607,1,9.733923415,0.378919804,116716.2511,7667748.392,1.125700321,1677948.234,75774.19253,1.616425874,7.563064895,2.43985073,197.27,0.334456759,1.657867222,0.482627223,0.378919804,9.733923415
36,S63CoAnas,S63CoAnas,Corymbose,Corymbose,Corymbose,Y,Medium,Some branches missing,Anas,LZ,Minor,Y,N,Tahiti,Challenger,,,Y,,20.5758461,37443,2210,63.52266364,212.576,263.265,130.1844178,289318.1597,1616566.355,19236044.24,54190779.82,21.00454783,1,11.8993224,0.285627939,276370.0974,19065365.91,0.739480048,3999869.746,132529.2279,2.375897123,9.39667327,2.510168739,374.43,0.230234704,2.183051726,0.404154749,0.285627939,11.8993224
37,S62CoAnas,S62CoAnas,Corymbose,Corymbose,Corymbose,Y,Medium,Very few branches missing,Anas,LZ,None,Y,N,Tahiti,Challenger,,,Y,,22.05875263,19863,741.5,59.36651988,171.1333,193.9161,120.8481422,160541.4938,619806.7922,13421965.32,28820692.73,22.08427157,1,21.65507943,0.545375939,155248.5702,13262566.33,-0.274291238,1962374.091,80490.02879,2.738426656,10.26949738,2.506222238,198.63,0.218978283,1.994551328,0.315845381,0.545375939,21.65507943
38,S61CoAnas,S61CoAnas,Corymbose,Corymbose,Corymbose,Y,Medium,Some branches missing,Anas,LZ,Minor,Y,N,Fiji,F.M.Raynes esq,,var crassilabia,Y,,22.85587664,15040,439.5,58.93971617,134.5184,185.0826,87.77498879,100653.3303,291441.9916,4844670.616,8224813.33,22.89778104,1,16.62310428,0.425653833,98953.14549,4815646.606,0.148223198,1197657.47,60491.80567,3.371166503,12.42914296,2.452917925,150.4,0.21119845,1.663916777,0.243343359,0.425653833,16.62310428
39,S60CoAnas,S60CoAnas,Corymbose,Corymbose,Corymbose,Y,High,Some branches missing,Anas,LZ,None,Y,N,"Jeddah, Red Sea",C & A Sheppard,10m,"Fringing reef, 10m",Y,,17.76776219,5063,92,50.41516961,94.4208,109.9296,33.93780413,31204.85879,61890.59019,1058067.68,1338654.933,19.94370334,1,17.09577623,0.546809197,30997.51897,1050547.509,0.02096175,299947.6301,23650.96346,4.206652205,14.00646697,2.350731925,50.63,0.242481338,1.319390597,0.206337987,0.546809197,17.09577623
40,S5MaGpec,S5MaGpec,Massive,Submassive,,Y,High,Some edge material missing,Gpec,LZ,None,Y,N,Australia,Lord Derby,,,Y,,7.921466198,4205,200,19.26539345,70.2479,76.8377,43.22122648,18988.82169,117365.0166,768361.3905,3006311.924,7.921466198,1,6.546766771,0.523177615,15746.26514,705513.6735,3.750153259,134148.8593,13809.00265,0.877145007,4.887384641,2.287919893,42.05,0.610489995,1.3751045,0.87488643,0.523177615,6.546766771
41,S59MaGret,S59MaGret,Massive,Massive,,Y,High,Some edge material missing,Gret,LZ,None,Y,Y,"Turtle Is IV, GBR",T. Scoffin,,,Y,,5.355753466,4975,250,23.83706047,76.8714,83.5463,65.73763633,23062.55288,243641.934,772260.6352,5448947.389,5.912067091,1,3.169654019,0.358077113,19032.74119,741564.1487,0.568995322,256620.1605,20742.19084,0.974414332,5.05662204,2.246483695,49.75,0.817983928,1.111866777,0.949426318,0.358077113,3.169654019
42,S58MaGret,S58MaGret,Massive,Massive,,Y,High,Some edge material missing,Gret,LZ,None,Y,Y,Seychelles,Matthai Gardiner,,,Y,,5.617235618,2501,134,20.50579917,50.7535,66.4621,54.4316129,12728.6243,96393.60036,378576.3378,1902071.288,6.054561109,1,3.927401159,0.430357313,11066.60798,365375.7892,0.326179256,104539.7225,11301.40807,0.915206284,4.885859078,2.222481762,25.01,0.798732687,1.126286585,0.922076298,0.430357313,3.927401159
43,S57MaGret,S57MaGret,Massive,Massive,,Y,High,Some edge material missing,Gret,LZ,None,Y,Y,Maldives,Matthai Gardiner,,,Y,,4.980933966,8677,562.5,27.79397852,102.0274,112.9979,73.66542199,32387.90565,451748.3256,1236013.149,11814716.93,5.501129024,1,2.736065811,0.340848394,26903.29534,1180096.341,0.326179006,469381.063,30909.699,0.521296675,3.655386046,2.235467768,86.77,0.879087882,1.047823392,0.962434067,0.340848394,2.736065811
44,S56MaGret,S56MaGret,Massive,Massive,,P,High,Some edge material missing,Gret,LZ,Minor,Y,MAYBE,,,,,Y,,5.324493901,3873,176,10.96427507,65.3361,85.4179,37.06120213,13233.62812,97418.41934,282991.0861,1457327.053,6.250549619,1,2.904903282,0.325113938,9493.461102,246270.4536,0.643172622,105434.6391,12851.88189,0.503308115,4.13289011,2.210562896,38.73,0.7736881,1.029703528,0.923969771,0.325113938,2.904903282
45,S55MaGret,S55MaGret,Massive,Massive,,Y,High,Some edge material missing,Gret,LZ,Some,Y,MAYBE,Hulua,Matthai Gardiner,,,Y,,5.143954283,1677,75,11.19115515,43.7753,57.4296,36.79374743,7197.697246,40114.88992,199802.9685,782221.6918,6.142188944,1,4.98076821,0.56962501,5625.617531,174500.0626,0.906081999,45926.26178,7081.898122,0.525774557,3.506913298,2.160584116,16.77,0.787337528,1.016351425,0.87346299,0.56962501,4.98076821
46,S54MaGret,S54MaGret,Massive,Massive,,P,High,Minor edge material missing,Gret,LZ,,Y,Y,,,,,Y,,5.07385108,36971,4443,37.74252705,210.6673,224.08,121.331968,128106.8817,3268917.448,7718967.463,136585388,5.816161956,1,2.361322238,0.281534942,96211.75758,7267821.263,0.661734535,3381184.242,121516.7366,0.781079665,4.600931801,2.355820481,369.71,0.831472009,1.054232407,0.966796606,0.281534942,2.361322238
47,S53MaGret,S53MaGret,Massive,Massive,,P,High,Some edge material missing,Gret,LZ,Minor,Y,N,Seychelles,Matthai Gardiner,,,Y,,5.440863784,20651,2429,37.45704732,150.1896,179.6357,98.0808472,76858.76151,1432497.919,3372299.921,41582581.22,6.048263668,1,2.354139491,0.257505264,61639.51952,3307536.829,1.443364347,1542035.337,70509.46062,0.512292968,3.645492492,2.273781376,206.51,0.799564326,1.090048922,0.928965689,0.257505264,2.354139491
48,S52MaGret,S52MaGret,Massive,Massive,,Y,High,Some edge material missing,Gret,LZ,Some,Y,MAYBE,"Mahe, Seychelles",B.R.Rosen,,Acropora dominated reef,Y,"donut colony formation, no colony in centre",6.002370557,20103,1525.5,21.90515564,136.9002,197.8746,86.52407985,79244.75178,1275968.537,4479074.71,47642442.46,6.736131124,1,3.510333195,0.344250091,63713.14124,4186555.665,0.525975293,1562309.011,75272.28778,1.218590991,6.366986273,2.352699389,201.03,0.717915933,1.052774588,0.816719694,0.344250091,3.510333195
49,S51MaGret,S51MaGret,Massive,Massive,,P,High,Some edge material missing,Gret,LZ,None,Y,N,Maldives,P. Spencer Daviers,,,Y,,5.162963708,18142,1867,28.11215878,156.1755,150.0992,72.11594976,58212.49326,984976.3016,2196662.571,25139272.65,5.880293631,1,2.230167941,0.256518288,44824.69507,2081440.864,1.217734094,1042035.575,56074.0014,0.558440593,4.052906674,2.303075057,181.42,0.822403806,1.038136958,0.94524249,0.256518288,2.230167941
50,S50MaGret,S50MaGret,Massive,Massive,,P,High,Some edge material missing,Gret,LZ,Some,N,N,Goidu,Matthai Gardiner,,,Y,,5.351580045,8039,611.5,40.1378001,86.4283,121.2237,86.03240707,34290.50978,466357.2834,1446440.372,13701258.26,5.702011633,1,3.101571314,0.378851287,31905.53274,1423039.22,0.185661256,511847.0533,32426.85946,0.526235338,3.609506643,2.255901625,80.39,0.848117502,1.057472427,0.911126244,0.378851287,3.101571314
51,S4MaGpec,S4MaGpec,Submassive,Submassive,,P,High,Some edge material missing,Gpec,LZ,Minor,Y,N,Donquenab? Red Sea,Matthai Gardiner,,,Y,,7.457825389,18456,1665,26.40889986,135.9596,173.6245,100.8781577,85965.49599,1237564.786,5456558.705,52144873.64,7.457825389,1,4.40910954,0.392453038,70443.56949,5160271.108,3.251769334,1493456.971,70077.15263,1.168893227,5.876085438,2.350367189,184.56,0.64844316,1.22672644,0.828657812,0.392453038,4.40910954
52,S49MaGret,S49MaGret,Massive,Massive,,Y,High,None,Gret,LZ,Minor,Y,N,"Aldabra, Indian Ocean",J.D.Taylor,,,Y,,5.464631935,13546,1023,28.20738294,130.2652,152.3452,75.8064194,50457.68976,734911.2712,2281400.686,22568207.42,6.195895582,1,3.104321264,0.340291045,40847.61335,2129804.052,0.542895668,815596.5664,46626.13285,0.904462459,5.052930368,2.300449622,135.46,0.780512809,1.082176168,0.901072051,0.340291045,3.104321264
53,S48TaAhya,S48TaAhya,Tabular,Table/Plate,Table/Plate,Y,Medium,Some branches missing,Ahya,LZ,Minor,Y,MAYBE,,,,,Y,,16.02315998,8477,209.5,49.09066046,126.3108,128.1115,64.49802826,46473.98498,151773.4369,2367404.084,4847246.563,16.33350541,1,15.59827683,0.598734228,44607.28347,2328251.07,0.770054846,448082.0159,32760.86246,2.417543961,10.18335894,2.375940617,84.77,0.296077036,1.418582464,0.338717984,0.598734228,15.59827683
54,S47TaAhya,S47TaAhya ,Tabular,Table/Plate,Table/Plate,Y,Medium,Some branches missing,Ahya,LZ,Some,Y,MAYBE,"Tigand Bank, China Sea",H.M.S Ramblu,,Section B,Y,,16.41519209,9058,208.5,62.64406105,85.1612,167.9904,58.64181373,42998.90797,132260.4817,2261371.075,3983142.717,16.56420866,1,17.09785906,0.591088352,41059.81036,2225180.215,0.374070332,448359.5497,34087.04524,3.038281296,12.25909553,2.358375287,90.58,0.291953329,1.261444272,0.294987542,0.591088352,17.09785906
55,S43TaAhya,S43TaAhya (con),Tabular,Table/Plate,Table/Plate,Y,Medium,Very few branches missing,Ahya,LZ,Some,Y,N,Cleremout Is. GBR,Savvile Kent,,,Y,,15.44100145,15593,259.5,70.74552816,163.9697,192.8785,36.31814583,66957.99965,270931.7809,2732712.848,6900817.786,15.99174428,1,10.08635029,0.393629185,63134.43986,2602706.546,-0.006871717,845711.316,58350.72416,2.819524227,13.14849354,2.344965928,155.93,0.302404527,1.147509317,0.32035965,0.393629185,10.08635029
56,S41TaAhya,S41TaAhya (rec),Digitate,Table/Plate,Table/Plate,Y,Medium,Some branches missing,Ahya,LZ,Minor,Y,MAYBE,Rocky is. GBR,Savvile Kent,,,Y,TYPE SPECIMEN: Acropora recumbens (hyacinthus),13.94378309,12081,443,23.52307205,117.065,166.7887,61.20763082,66668.07901,311831.1752,2819769.656,7258335.297,14.49789401,1,9.042616261,0.343250347,60227.48263,2719047.308,0.884108906,665664.9276,43140.01893,1.853338772,8.585198315,2.413327021,120.81,0.333564024,1.545388265,0.468450661,0.343250347,9.042616261
57,S40TaAhya,S40TaAhya (rec),Tabular,Table/Plate,Table/Plate,Y,Medium,Very few branches missing,Ahya,LZ,Minor,Y,MAYBE,Rocky is. GBR,Savvile Kent,,,Y,TYPE SPECIMEN: Acropora recumbens (hyacinthus),17.31361297,36078,1221,71.1360124,177.403,295.411,74.00416672,151644.1434,806006.7255,11141384.28,35537439.7,17.5092092,1,13.82294208,0.473770391,142948.9002,10849582.49,0.90419537,2179452.646,106991.6404,2.268770587,11.35513421,2.420734201,360.78,0.276196132,1.417345718,0.36982071,0.473770391,13.82294208
58,S3MaGpec,S3MaGpec,Massive,Submassive,,Y,High,Some edge material missing,Gpec,LZ,None,Y,N,,,,,Y,Possible wrong ID?,6.585010054,30823,2594.5,32.32065043,201.0653,210.2849,140.1573692,135235.979,2943090.965,7886710.625,111250611.5,6.585010307,1,2.679737296,0.263773296,108628.7055,7943690.282,2.673392506,3139727.401,114367.5398,1.063080297,5.549117614,2.339466549,308.23,0.73439154,1.182468201,0.937371494,0.263773296,2.679737296
59,S38ArAint,S38ArAint (nob),Arborescent,Branching-open,Arborescent,Y,Medium,Some branches missing,Aint,LZ,Minor,Y,MAYBE,,,,,Y,,23.70255783,73317,NA,88.33418969,347.012,442.114,201.6992087,456940.707,2643291.455,51166062.22,175319851.8,23.90175633,1,19.35695064,0.479701444,449306.8,50908356.29,-0.223353428,17076514.33,354534.1898,4.943150254,16.26502579,2.445655192,733.17,0.202327218,1.288848072,0.154791042,0.479701444,19.35695064
60,S37ArAint,S37ArAint (nob),Arborescent,Branching-open,Arborescent,P,Medium,Some branches missing,Aint,LZ,Minor,N,N,,,,,Y,PART 1,24.62015809,71468,3199.5,132.2930258,327.906,453.618,173.2287297,386462.5727,1883613.482,36019286.59,108092903.8,25.33842291,1,19.12244042,0.464666607,383702.362,35907724.99,-0.290761868,13988762.55,332112.9165,6.791098784,20.75478776,2.436525701,714.68,0.19085544,1.163648125,0.134651902,0.464666607,19.12244042
62,S35ArAint,S35ArAint (nob),Arborescent,Branching-open,Arborescent,P,High,Some branches missing,Aint,LZ,None,N,N,,Puich Eling,,,Y,"Re-affixed broken brances for scan, bad scan: likely to overestimate",16.54821706,20270,508,108.6390113,221.5071,215.0776,72.19003213,93997.19336,325288.0537,6660840.755,15420698.67,19.87327659,1,20.4767457,0.689307862,93415.73774,6623599.501,-0.065655896,2074127.644,91440.91756,4.550011488,16.11534444,2.335514357,202.7,0.243340641,1.027955492,0.156831261,0.689307862,20.4767457
63,S34ArAint,S34ArAint (nob),Arborescent,Branching-open,Arborescent,Y,Medium,Some branches missing,Aint,LZ,Minor,Y,MAYBE,,,,,Y,,24.63367006,74509,4634.5,105.228289,337.957,435.988,227.0641193,482476.2404,2725445.84,58854770.31,193975867.8,24.7277287,1,21.59454775,0.509523589,475636.3713,58610310.75,0.214758293,17286214.02,356321.9496,5.350418844,16.67186416,2.436881411,745.09,0.195568947,1.354045803,0.157665862,0.509523589,21.59454775
66,S31ArAint,S31ArAint (for?),Arborescent,Branching-open,Arborescent,Y,High,Some branches missing,Aint,LZ,Minor,Y,N,"GBR, Australia","GBR Expedition, ",,,Y,,16.19485632,17213,680,79.0966189,153.5292,205.2544,70.19249461,93594.97548,386085.1682,5344533.94,13387322.38,17.65213023,1,13.84288851,0.47619288,91448.71801,5218913.734,-0.326638317,1971070.62,84881.9572,3.874493607,13.67430213,2.360409313,172.13,0.273959902,1.10264865,0.195875868,0.47619288,13.84288851
67,S30DiAhum,S30DiAhum,Digitate,Digitate,Corymbose,Y,Medium,Some branches missing,Ahum,LZ,Some,Y,MAYBE,"Chagos arch., Indian Ocean",J.S.D.I,,,Y,,9.406423921,1835,59,22.60051157,56.8209,47.5196,54.022731,12349.7024,43483.32623,371483.5662,732704.4578,9.987144197,1,8.54312672,0.479179787,10782.50051,359955.1359,0.961535612,84279.74197,10259.21279,1.032621458,5.486254993,2.276704264,18.35,0.48422009,1.203767058,0.515940429,0.479179787,8.54312672
68,S2MaGpec,S2MaGpec,Massive,Submassive,,P,High,Some edge material missing,Gpec,LZ,None,Y,N,Phillipines,,,,Y,,7.256027363,4186,190,10.67917191,70.3868,78.8272,44.9932191,18321.27348,126877.6478,423943.9296,1843911.405,7.256027363,1,3.341360256,0.289218826,14543.75522,414949.7429,2.851745074,144787.2715,14683.071,1.133977771,5.768602216,2.262728084,41.86,0.666477071,1.247782121,0.87630388,0.289218826,3.341360256
69,S29DiAhum,S29DiAhum,Digitate,Digitate,Corymbose,Y,Medium,Border damage - Small,Ahum,LZ,Major,Y,N,"Chagos arch., Indian Ocean",J.S.D.I,12m,Depth: 40',Y,,8.459299763,2195,77,6.159540537,51.3271,56.9135,36.51941097,10245.37295,36104.88176,151475.7301,303450.0871,9.378869379,1,4.19543626,0.254292,8066.843163,143658.7533,-0.251927957,56084.54798,8028.686537,1.508951829,7.099041056,2.276787623,21.95,0.51562461,1.276095773,0.643758095,0.254292,4.19543626
70,S28DiAhum,S28DiAhum (gup),Digitate,Digitate,Corymbose,Y,High,Some branches missing,Ahum,LZ,Some,Y,N,"Shortland Is., Solomon Is.",B.Guppy,,,Y,TYPE SPECIMEN: Acropora guppyi (humilis),12.5808559,36766,2650,44.55659113,235.948,231.145,108.9392801,193903.8202,1769710.701,9708240.404,48201168.93,13.25312154,1,5.485778212,0.225175534,173150.7204,9519471.392,0.355569483,3313877.073,122341.9672,1.558158127,7.446366525,2.45729647,367.66,0.364893346,1.584932993,0.53403028,0.225175534,5.485778212
71,S27DiAhum,S27DiAhum,Digitate,Digitate,Corymbose,Y,Medium,Very few branches missing,Ahum,LZ,Some,Y,MAYBE,"Mahe, Seychelles",B.R.Rosen,,,Y,,13.91883861,24013,1726,22.29550921,182.7494,209.823,70.66906673,129688.7794,827698.0903,5652959.251,19931734.11,14.71141457,1,6.829735765,0.256477427,109888.114,5334837.96,1.821813064,1514196.976,76228.91924,1.667479067,8.08675197,2.472805729,240.13,0.328722696,1.70130681,0.546625111,0.256477427,6.829735765
72,S26DiAhum,S26DiAhum,Digitate,Digitate,Corymbose,Y,Medium,Some branches missing,Ahum,LZ,Major,Y,MAYBE,"Mahe, Seychelles",B.R.Rosen,,crest,Y,,13.14516213,19273,1452,34.74393129,167.5374,202.8951,85.88122133,115583.7272,777678.2324,6123624.597,23505665.42,13.66774076,1,7.874239424,0.328679506,104853.3055,5950463.952,-0.13214413,1573396.067,73872.34447,1.567898195,7.475313102,2.426106556,192.73,0.353824084,1.564641383,0.494267304,0.328679506,7.874239424
73,S25DiAhum,S25DiAhum,Digitate,Digitate,Corymbose,Y,Medium,Very few branches missing,Ahum,LZ,Major,Y,N,"Mahe, Seychelles",B.R.Rosen,,crest,Y,,15.18234876,22435,1867,39.08636493,188.7504,218.438,97.51101836,144280.128,878550.4126,6980623.444,22777834.6,15.7287929,1,7.945615122,0.270701203,134580.0411,6903521.189,-0.065449236,1915612.5,83148.2946,1.859110832,8.111480113,2.42366326,224.35,0.307460076,1.735214519,0.458626373,0.270701203,7.945615122
74,S24DiAhum,S24DiAhum,Digitate,Digitate,Corymbose,Y,High,None,Ahum,LZ,Major,Y,N,"Mahe, Seychelles",B.R.Rosen,,,Y,,12.52549598,5686,304,22.5715266,73.861,117.8753,NA,43021.94764,155236.545,1631583.674,3841406.613,14.89455121,1,10.51030654,0.460431458,40048.40668,1531311.142,-0.177131376,375790.2107,27404.35055,1.930693551,8.237749944,2.385052853,56.86,0.324680871,1.569894808,0.413093637,0.460431458,10.51030654
75,S23DiAhum,S23DiAhum (obs),Digitate,Digitate,Corymbose,Y,Medium,Some branches missing,Ahum,LZ,Minor,Y,N,Rocky is. GBR,Savvile Kent,,,Y,,17.92160384,41559,2110.5,77.40506392,205.424,327.757,53.24640718,224230.5531,1541332.503,10145641.67,39478806.22,16.80469226,1,6.582383525,0.22173567,224230.5531,10145641.67,-0.03534062,3547773.61,139317.3276,1.691931154,8.83963797,2.460490462,415.59,0.28777533,1.609495078,0.434450636,0.22173567,6.582383525
76,S22DiAhum,S22DiAhum (spe),Digitate,Digitate,Corymbose,Y,Medium,None,Ahum,LZ,Minor,Y,Y,,,,,Y,TYPE SPECIMEN: Acropora spectabilis (humilis),16.96543545,45416,3193.5,76.06171412,233.207,287.868,128.9516022,286133.4695,2151945.658,25228742.25,106792566.9,17.16647508,1,11.72368928,0.384384581,277654.3346,25013409.33,1.049742969,4447110.639,150197.0496,1.775892771,8.225609254,2.49276498,454.16,0.281710476,1.905053863,0.483897486,0.384384581,11.72368928
77,S21CoAmil,S21CoAmil,Corymbose,Corymbose,Corymbose,Y,High,Very few branches missing,Amil,LZ,Minor,Y,N,Cleremout Is. GBR,Savvile Kent,,,Y,,25.75504953,23094,567,78.85895301,218.919,182.4565,76.48229271,148036.1371,438304.6862,9695972.957,16521088.25,25.65568815,1,22.12153614,0.496215698,145900.8619,9623984.277,11.72439251,1743379.363,82587.38634,3.480294639,13.18677413,2.495273004,230.94,0.18849527,1.792478775,0.251410964,0.496215698,22.12153614
78,S20CoAspa,S20CoAspa ,Corymbose,Corymbose,Corymbose,Y,Medium,Some branches missing,Aspa,LZ,Some,Y,Y,Rocky is. GBR,Savvile Kent,,var. compacta,Y,,14.30679752,11824,683,49.80677094,120.5165,169.381,109.3496433,85606.75564,445274.056,5660380.287,15949031.78,14.68102722,1,12.71212686,0.469062954,80237.35816,5580049.244,2.278689519,1222791.254,61509.38591,1.545242135,7.595901157,2.428277238,118.24,0.329403099,1.39176736,0.364145601,0.469062954,12.71212686
79,S1MaGpec,S1MaGpec,Massive,Submassive,,P,High,Some edge material missing,Gpec,LZ,None,Y,N,Someract? Cape York,Challenger,,Shore,Y,,6.603798669,14449,1114,15.81967424,121.9544,152.2145,100.3279025,64705.51425,969887.1449,2878378.788,27535037.71,6.603798669,1,2.967746096,0.286807655,52405.46552,2859447.248,2.784108966,1029772.859,54004.46962,1.061682795,5.511539539,2.301844951,144.49,0.732302135,1.198151092,0.941845706,0.286807655,2.967746096
80,S19CoAmil,S19CoAmil,Corymbose,Corymbose,Corymbose,Y,High,Some branches missing,Amil,LZ,None,Y,Y,Cleremout Is. GBR,Savvile Kent,,,Y,,21.02874922,7164,155,38.14715352,121.6965,121.4001,77.13918378,48673.77654,109947.945,2137108.247,2821695.954,21.20819134,1,19.43745512,0.535707089,47436.38532,2116187.248,15.31388147,550500.1052,34930.82716,4.069128094,13.35778834,2.424610926,71.64,0.228023964,1.393433265,0.199723749,0.535707089,19.43745512
81,S18CoAmil,S18CoAmil,Corymbose,Corymbose,Corymbose,Y,High,Very few branches missing,Amil,LZ,None,Y,MAYBE,Cleremout Is. GBR,Savvile Kent,,,Y,,21.64465326,8759,197,40.99786338,104.8182,142.8525,67.83543062,58557.41323,136613.199,2495104.309,3463917.911,22.07598598,1,18.26400617,0.492316105,57110.64065,2476118.672,0.538576701,607684.7059,37803.05,3.647208436,12.7193738,2.410458849,87.59,0.21906047,1.54901293,0.224809342,0.492316105,18.26400617
82,S17CoAmil,S17CoAmil,Corymbose,Corymbose,Corymbose,Y,High,Very few branches missing,Amil,LZ,Minor,Y,N,Cleremout Is. GBR,Savvile Kent,,,Y,,20.52747074,7491,183,43.76806844,116.9584,124.78272,54.66314727,49890.33512,99786.93645,1734406.526,2224540.423,23.18999356,1,17.38109805,0.48062761,48394.26378,1700898.013,4.696185657,497624.6086,32671.19237,3.44780937,12.10849686,2.426203853,74.91,0.20853718,1.527043597,0.200526531,0.48062761,17.38109805
83,S16CoAspa,S16CoAspa?,Digitate,Corymbose,Corymbose,Y,Medium,Very few branches missing,Aspa,LZ,Minor,Y,N,Rocky is. GBR,Savvile Kent,,var. compacta,Y,DUPLICATE SCAN,17.58359287,16865,839,37.1128125,158.1348,177.1983,87.17150437,115059.5217,509057.5861,6804778.839,17651364.15,18.04726055,1,13.36740484,0.434265894,109092.1896,6653758.016,0.733286923,1382399.864,65603.15458,1.859522722,8.401778183,2.478130732,168.65,0.267961769,1.753871783,0.368241924,0.434265894,13.36740484
84,S15CoAmil,S15CoAmil (squamosa),Corymbose,Corymbose,Corymbose,Y,Medium,Very few branches missing,Amil,LZ,None,Y,Y,Rocky is. GBR,Savvile Kent,,,Y,TYPE SPECIMEN: Acropora squamosa (millepora),24.04096997,23408,797,82.67158518,192.343,197.4648,133.1325743,177736.9109,631819.7772,16517057.73,33090595.52,24.13878929,1,26.14203976,0.610351892,176162.2516,16462085.17,-0.069077061,2072918.166,87340.11174,2.993464649,11.24510675,2.507212665,234.08,0.200340448,2.034997521,0.30479726,0.610351892,26.14203976
85,S14CoAmil,S14CoAmil (spa?),Digitate,Corymbose,Corymbose,Y,Medium,Very few branches missing,Amil,LZ,None,Y,MAYBE,Rocky is. GBR,Savvile Kent,,,Y,,15.96675764,17000,839,38.28461157,163.549,173.7916,93.80855867,113212.5508,578042.2588,6440467.763,19008478,16.31504149,1,11.14186319,0.394761289,107429.4487,6334000.557,0.659643447,1430906.347,66896.64308,1.943590966,8.346386565,2.461642192,170,0.296412109,1.692350252,0.403969316,0.394761289,11.14186319
86,S149VaTcra,S149VaTcra,Laminar,Laminar,,P,High,Some edge material missing,Tmes,LZ,None,Y,Y,"Thursday Is., Torres Straits",Savvile Kent,,,Y,"Specimen appears to have flipped and regrown, only one side kept for analysis",19.90914723,15204,NA,74.60543709,156.66,135.3936,120.2433305,53082.54928,135173.5424,4781196.057,7011254.648,20.15381688,1,35.37079797,1.010664042,52268.1506,4767153.033,13.47186128,900158.7305,55323.60431,5.695300452,18.90846603,2.278612762,152.04,0.239953349,0.959491883,0.15016634,1.010664042,35.37079797
87,S148VaTcra,S148VaTcra,Laminar,Laminar,,Y,High,Some edge material missing,Tmes,LZ,Minor,Y,Y,"Kings Sonmd, W.A ",Savvile Kent,,,Y,,27.23502625,79547,1842,115.100099,280.186,366.988,212.7868045,243990.9821,848183.0225,34517762.84,64771031.12,27.22998434,1,40.69612563,0.806729696,240501.7279,34376757,1.732292054,7624009.187,233628.5327,7.30765833,23.75562489,2.357039693,795.47,0.177597453,1.044354383,0.111251574,0.806729696,40.69612563
88,S147VaTcra,S147VaTcra,Laminar,Laminar,,Y,High,Very little edge material missing,Tmes,LZ,Major,Y,Y,,Bernard,,Figured,Y,,20.33721851,129506,8600,99.8975953,410.318,401.873,276.2941757,500244.8322,3742081.71,83961314.44,269651486.2,20.75425268,1,22.43706069,0.464142991,465606.6339,83056008.18,7.206319051,22377733.03,450488.0369,3.09209278,14.1351657,2.405615636,1295.06,0.233011322,1.110450869,0.16722345,0.464142991,22.43706069
95,S13CoAmil,S13CoAmil (spa?),Corymbose,Corymbose,Corymbose,Y,Medium,Some branches missing,Amil,LZ,None,Y,MAYBE,Cleremout Is. GBR,Savvile Kent,,,Y,"Rushed processing, branches missing.",24.92869137,33354,969,63.14116608,226.019,249.176,111.4205646,221977.1538,836003.1933,17023170.93,36321902.57,25.01322296,1,20.36256687,0.461202169,217885.6501,16900360.45,-0.249615065,3154226.068,118958.1575,3.338268837,12.49652773,2.52610276,333.54,0.193336775,1.866010356,0.265042256,0.461202169,20.36256687
98,S136BuPdam,S136BuPdam,BranchingClosed,Branching-closed,,Y,Medium,Lots of branches missing,Pdam,LZ,Major,Y,Y,Chinese Sea,"Internal fisheries exhibit, China",,Reidentified as P. damicornis,Y,Moved to 5b,19.75091593,49659,3684.5,91.10665646,219.402,331.326,154.8016579,369923.7734,2542836.818,33586280.72,135837266.9,19.85637267,1,13.2081935,0.391376081,365754.6032,33408007.03,0.262862889,5699944.207,173724.5752,1.961581771,8.551571658,2.503988141,496.59,0.243547799,2.129369279,0.446116089,0.391376081,13.2081935
99,S135BuPdam,S135BuPdam,BranchingClosed,Branching-closed,,Y,Medium,Very few branches missing,Pdam,LZ,None,Y,MAYBE,,Damon,,Reidentified as P. damicornis,Y,Moved to 5b,27.7845203,17626,587,35.24017078,167.7626,182.4123,91.52656972,129061.3236,312463.3718,6234972.188,8754717.935,28.0282966,1,19.95424984,0.412898532,126724.7299,6171691.553,0.280247504,1463246.866,68142.89173,4.093694407,13.83513783,2.495052943,176.26,0.172539057,1.893980727,0.213541118,0.412898532,19.95424984
101,S133BuPdam,S133BuPdam (bre),Corymbose,Branching-closed,,Y,Medium,Very few branches missing,Pdam,LZ,None,Y,MAYBE,Samoa Is.,Rev S.J Whithee,,,Y,,25.38213539,8826,202,32.31243819,107.4501,128.8767,73.85358488,65981.35167,132081.3776,2310619.047,2795257.792,25.44056867,1,17.49390481,0.415559371,65654.13453,2289004.671,-0.196140855,536071.7962,34087.49751,3.670154561,12.41695072,2.500592426,88.26,0.190089142,1.935646688,0.246387477,0.415559371,17.49390481
102,S132BuPdam,S132BuPdam,BranchingClosed,Branching-closed,,Y,Medium,Some branches missing,Pdam,LZ,None,Y,MAYBE,Zamboanga,Challenger,,,Y,,25.91246164,8220,254,51.92120799,108.0758,123.4674,101.0310597,78227.18969,164215.2626,4889895.965,6116967.319,26.08647406,1,29.77735374,0.680223244,77621.45614,4875703.548,0.643839933,688876.0093,38968.45953,3.339961122,11.50701794,2.491158739,82.2,0.185382503,2.007448861,0.238381451,0.680223244,29.77735374
103,S131BuPdam,S131BuPdam (cae),BranchingClosed,Branching-closed,,Y,Medium,Some branches missing,Pdam,LZ,Minor,Y,Y,,A.K.F,,,Y,,22.62492294,17389,524.5,45.800412,165.7026,202.7585,100.3673145,130443.6404,433500.1415,7136770.011,15097353.89,22.77351575,1,16.46313191,0.460166689,128510.2885,7074450.418,0.681597697,1503213.088,70945.52014,3.121307459,11.76692808,2.470061675,173.89,0.212350869,1.838645205,0.288382362,0.460166689,16.46313191
105,S12CoAmil,S12CoAmil (spa?),Corymbose,Corymbose,Corymbose,Y,Medium,Some branches missing,Amil,LZ,None,Y,N,Cleremout Is. GBR,Savvile Kent,,,Y,,17.21679208,6737,211,26.21347253,106.6194,115.7124,59.11592005,50558.45352,141745.5094,2114874.627,3602804.777,18.59748606,1,14.92022312,0.487485442,48185.47442,2053694.876,0.441041836,483851.2587,31700.8068,2.790254806,10.32207227,2.41751885,67.37,0.260033848,1.594863305,0.292952652,0.487485442,14.92022312
106,S129BuPdam,S129BuPdam,Corymbose,Branching-closed,,Y,Medium,Very few branches missing,Pdam,LZ,Some,Y,MAYBE,"Mahe, Seychelles",J.D.Taylor,,,Y,,17.416091,17601,1008,37.29190453,164.3089,161.7328,78.40918198,113630.4761,506584.1901,5050820.785,12626338.36,17.88107968,1,9.970348232,0.312662105,108546.3082,4966433.276,1.321471241,1119411.853,57822.05483,1.918087858,8.333451991,2.479343478,176.01,0.270452117,1.965175337,0.452544958,0.312662105,9.970348232
109,S126BuPdam,S126BuPdam,BranchingClosed,Branching-closed,,Y,Medium,Very few branches missing,Pdam,LZ,None,Y,N,"Diego Garcia, Chagos",J.D.Taylor,,,Y,Difficult to determine orientation,16.17949227,1928,32,19.04762747,58.7552,62.7166,43.20596457,11568.09865,18665.62829,230068.4564,217964.4732,16.4399405,1,12.32578153,0.440212356,11182.1813,225089.0266,0.009824153,76836.42147,9256.485798,3.715993199,12.44228169,2.270355703,19.28,0.29416018,1.24972899,0.24292683,0.440212356,12.32578153
110,S125PlTbif,S125PlTbif (gra),Laminar,Laminar,,Y,High,Some edge material missing,Tbif,LZ,None,Y,N,"Gulf of Carpentaria,GBR",Savvile Kent,,,Y,TYPE SPECIMEN: T. gracilis (bifrons),32.65117893,134471,9800,116.2435458,438.677,454.215,279.7163623,1043079.119,5671981.614,132646285.5,409398957.4,32.79649067,1,23.38623334,0.404731475,1032462.163,132120479,-0.359559273,24917715.77,447731.7497,3.891462897,13.04424661,2.541510574,1344.71,0.147454065,2.329696564,0.227628474,0.404731475,23.38623334
112,S123PlTcon,S123PlTcon (den),Laminar,Laminar,,Y,High,Very little edge material missing,Tcon,LZ,None,Y,Y,"Roebuek Bay, Australia",Savvile Kent,,,Y,,25.08200364,37919,806,54.40696271,223.767,234.495,115.5934171,159973.6267,500291.8263,9764269.714,18274850.16,25.3843542,1,19.51714819,0.460139251,154900.1525,9673450.432,0.373957587,2528507.265,103707.2151,3.638939064,13.47304926,2.395606823,379.19,0.1905101,1.542550598,0.197860545,0.460139251,19.51714819
113,S121PlTcon,S121PlTcon,Laminar,Laminar,,Y,High,None,Tcon,LZ,None,Y,MAYBE,N.E. Australia,HMS Alert,,,Y,Smaller (minor) attachment area due to processing,14.84192742,6937,265.5,35.77164863,103.4672,103.8596,72.89658887,47400.04572,175683.1803,2518045.992,5288579.286,15.11095703,1,14.33288029,0.537483876,46499.0364,2502548.287,1.12763063,371438.2866,26609.87938,1.53803803,6.926463623,2.407141838,69.37,0.320031077,1.781295024,0.472980806,0.537483876,14.33288029
114,S120PlTcon,S120PlTcon (bif),Laminar,Laminar,,Y,High,Very little edge material missing,Tcon,LZ,None,Y,Y,W. Australia,Capt. Becker,,,Y,,14.67570272,5732,89,19.43889212,85.6345,96.117,45.02273222,22822.70746,59185.11015,626289.5883,961346.0837,15.0276887,1,10.58187755,0.416802019,21598.63487,613137.4388,0.509606371,167572.1168,17187.92541,2.275322916,10.03100662,2.308192928,57.32,0.321804368,1.32783375,0.353191875,0.416802019,10.58187755
115,S11DiAhum,S11DiAhum,Corymbose,Digitate,Corymbose,Y,Medium,Some branches missing,Ahum,LZ,Major,Y,N,"Aldabra, Indian Ocean",J.D.Taylor,,,Y,Possible wrong ID? Damaged during handling,15.82711299,40487,2850.5,72.10108171,211.886,311.326,118.7534618,273061.7462,2210593.03,24716030.85,114786928.7,16.09119628,1,11.18072414,0.398609251,262432.3028,24037798.62,0.949086526,5633505.752,168283.2444,2.373949927,9.482482266,2.449712925,404.87,0.300535509,1.622631814,0.392400954,0.398609251,11.18072414
116,S119PlTbif,S119PlTbif (cin),Laminar,Laminar,,Y,Medium,Some edge material missing,Tbif,LZ,None,Y,N,,,,Reidentified as T.bifrons,Y,,26.94556774,70808,17600,119.4144272,368.936,490.318,331.3757297,1231373.961,9242487.238,199172237.3,870356646.8,27.95958532,1,21.54963618,0.448723455,1226492.819,198960986.4,0.625767992,39775190.3,604445.8954,2.814755207,11.15930584,2.226899314,708.08,0.172963075,2.037194678,0.232368146,0.448723455,21.54963618
117,S118PlTcon,S118PlTcon,Laminar,Laminar,,Y,Medium,Some edge material missing,Tcon,LZ,None,Y,N,Sharks Bay,Savvile Kent,,,Y,,15.44765134,27987,2885,56.25501318,187.9985,251.594,133.2571797,211923.611,1566970.446,14366419.3,62323185.66,15.70864801,1,9.168277133,0.342427449,204818.1584,14253469.86,0.31242091,3292546.109,115943.1519,1.786662428,7.770639911,2.457166824,279.87,0.307854365,1.827823442,0.475914503,0.342427449,9.168277133
118,S117PlTcon,S117PlTcon,Laminar,Laminar,,Y,High,Some edge material missing,Tcon,LZ,None,Y,N,Sharks Bay,Savvile Kent,,,Y,,24.43790828,69934,5600,70.07437983,308.874,347.499,231.601541,532328.9611,3092812.178,48912472.26,166119097.9,25.07712414,1,15.81488608,0.368650507,515408.8865,48700689.07,-0.022778096,13592374.2,294198.1814,4.160673481,13.40072921,2.495451583,699.34,0.192844117,1.809423017,0.227540247,0.368650507,15.81488608
119,S116PlTcon,S116PlTcon,Laminar,Laminar,,Y,High,Some base material missing,Tcon,LZ,None,Y,N,"Port Molle, Queensland",HMS Alert,,"5 fathoms,bottom",Y,,10.09804451,1841,22,16.42956765,48.1555,51.6686,29.46385434,5684.836688,13172.15193,99912.82433,143374.9938,10.19248714,1,7.58515578,0.460890515,5579.927057,97801.67077,0.094309797,28513.29413,5161.125257,1.236851062,7.573619314,2.201734311,18.41,0.47446475,1.101472335,0.461965281,0.460890515,7.58515578
120,S115PlTcon,S115PlTcon,Laminar,Laminar,,Y,High,Some edge material missing,Tcon,LZ,Minor,Y,Y,"GBR, Australia",Savvile Kent,,Oh he's so diddy,Y,,12.44669138,2769,38,25.26516092,58.3654,64.3539,48.30957165,9401.356508,19989.79958,343670.8209,418042.6983,12.76394415,1,17.19230948,0.770565195,8807.53525,337602.3025,1.18597828,76381.25291,10245.61333,1.28922224,8.696441065,2.176760647,27.69,0.378877861,0.917598215,0.26171081,0.770565195,17.19230948
121,S114PlTcon,S114PlTcon,Laminar,Laminar,,Y,High,None,Tcon,LZ,None,Y,Y,"Somerset Shore, Cape York",Challenger,,Baby,Y,,9.089192276,670,8,12.65457126,28.049,32.9415,27.56873989,2849.101202,5281.85295,62972.12157,70029.57735,9.3939953,1,11.92235417,0.761318583,2630.39189,61192.07693,0.621997871,11980.7761,2848.854021,1.129719351,6.505333602,2.189153491,6.7,0.514794367,1.000086765,0.440860668,0.761318583,11.92235417
122,S113PlTcon,S113PlTcon,Laminar,Laminar,,Y,Medium,Some edge material missing,Tcon,LZ,None,Y,N,Sharks Bay,Savvile Kent,,,Y,,17.56908184,74263,7800,62.74078343,297.785,397.95,201.4709825,560879.9761,5403938.321,49654929.91,276245075.9,18.21362315,1,9.188655931,0.291304617,516173.0107,49304468.81,0.049394166,12261419.25,285396.7561,2.000653629,8.568687599,2.414743257,742.63,0.265514215,1.96526402,0.440726984,0.291304617,9.188655931
125,S110TaAhya,S110TaAhya,Tabular,Table/Plate,Table/Plate,Y,Medium,Some branches missing,Ahya,LZ,Some,Y,Y,"Aldabra, Indian Ocean",J.D.Taylor,,Open branched form,Y,,23.57338917,40643,1695,55.39020989,232.428,322.704,98.15224158,206257.2132,801053.8852,12246166.31,24798246.22,23.91303272,1,15.28756871,0.333328151,199017.1565,12124443.75,3.427831352,2905728.333,131208.7668,3.162618229,14.56590102,2.436974514,406.43,0.202231809,1.571977378,0.275680929,0.333328151,15.28756871
127,S109TaAhya,S109TaAhya,Corymbose,Table/Plate,Table/Plate,Y,Medium,Some branches missing,Ahya,LZ,Some,Y,N,Tahiti,C.Crossland,,,Y,,10.63010372,4998,222,10.97264396,87.3211,84.8698,41.24606144,25715.40629,110996.1968,891772.9523,2137320.81,11.13408822,1,8.034265841,0.400675004,21518.72862,817455.1855,0.69288202,180015.377,17886.7599,1.365837315,6.878086855,2.36123659,49.98,0.434339639,1.437678285,0.616592864,0.400675004,8.034265841
129,S107TaAcyt,S107TaAcyt,Tabular,Table/Plate,Table/Plate,Y,Medium,Some branches missing,Acyt,LZ,Some,Y,N,Tahiti,C.Crossland,,,Y,,11.61273829,4037,205,25.76011048,86.7578,73.3516,77.79237991,31343.63228,130594.7279,1281235.803,2866009.016,12.17677348,1,9.810777388,0.432557015,28045.3578,1257562.092,2.167827249,284036.3916,22925.73659,1.433115171,6.734249545,2.385710188,40.37,0.397147559,1.367181035,0.459781675,0.432557015,9.810777388
131,S105TaAcyt,S105TaAcyt,Tabular,Table/Plate,Table/Plate,Y,Medium,Very few branches missing,Acyt,LZ,None,Y,N,Australia,Beq. Mrs Harris,,,Y,,25.41524425,104390,2192.5,86.36794851,378.863,421.523,127.2182014,320898.4877,1406708.066,29403067.41,72673095.46,25.56024537,1,20.90203939,0.461071582,316543.2237,29275342.46,0.143831207,6995095.736,274019.9004,4.698880007,21.375637,2.405975597,1043.9,0.189199117,1.171077309,0.201099187,0.461071582,20.90203939
132,S104TaAcyt,S104TaAcyt,Tabular,Table/Plate,Table/Plate,Y,Medium,Some branches missing,Acyt,LZ,None,Y,N,,,,GB350,Y,,17.77606258,54731,2206.5,122.7088496,251.438,293.784,180.6496024,236955.0783,1524901.438,30909039.7,116531789.7,17.88565453,1,20.26953279,0.66392963,233990.962,30803009.13,0.272488465,4764356.434,170836.5527,1.599546798,9.989953825,2.444750317,547.31,0.27038294,1.387027978,0.320064516,0.66392963,20.26953279
133,S103ArAabr,S103ArAabr,Arborescent,Branching-open,Arborescent-table,P,High,Some branches missing,Aabr,LZ,None,Y,N,Java,Purchased,,,Y,,19.80220784,28219,1017.5,60.89850972,244.026,258.696,150.7724105,179902.9705,857832.0234,11861389.77,33790147.96,19.92676647,1,13.82717064,0.414559706,178034.6415,11855212.08,0.198688294,3920145.284,135003.8385,3.738933802,13.24213857,2.418392568,282.19,0.242687436,1.332576707,0.21882659,0.414559706,13.82717064
135,S101CoAspa,S101CoAspa,Digitate,Corymbose,Corymbose,Y,Medium,Some branches missing,Aspa,LZ,Minor,Y,MAYBE,Cleremout Is. GBR,Savvile Kent,,,Y,,18.70144272,15016,490.5,45.40191286,151.433,171.6805,92.99216968,103042.7124,404187.1979,6677383.102,15669262.96,18.84931533,1,16.52052103,0.524330552,100069.0985,6599555.651,1.043472162,1197180.052,59827.89805,2.344966107,9.601403942,2.445023873,150.16,0.256559762,1.72231878,0.337616048,0.524330552,16.52052103
136,S100CoAspa,S100CoAspa,Corymbose,Corymbose,Corymbose,Y,High,Very few branches missing,Aspa,LZ,None,Y,N,Cleremout Is. GBR,Savvile Kent,,,Y,,19.48102519,13929,574.5,67.12726848,145.3509,154.4431,135.6322379,109542.3496,414776.8619,9298480.278,19069881.92,19.6957431,1,22.41803035,0.616493699,106522.3747,9235204.2,0.673601656,1403385.326,65144.1468,2.257385758,9.098063812,2.465123154,139.29,0.245534065,1.681537866,0.29555451,0.616493699,22.41803035
140,MTQ76PlEasp,MTQ76PlEasp,Laminar,Laminar,,Y,High,Some damage,Easp,LZ,Minor,Y,MAYBE,"Wai-Weer Island, QLD",AIMS Monograph,2 to 8,NA,Y,,23.28849191,32111,345,24.54122608,209.537,226.889,66.82058511,94740.91181,256939.2763,3029959.776,5385615.293,23.4414189,1,11.79251308,0.329706872,92680.09376,2977113.185,-0.103554564,1121936.404,77684.29646,1.804843635,10.88640889,2.288988645,321.11,0.206300475,1.219563234,0.229014118,0.329706872,11.79251308
141,MTQ75PlLsca,MTQ75PlLsca,Laminar,Encrusting,,Y,High,Some damage,Lsca,LZ,No,Y,Y,"Jaguar Reef, QLD",Mesophotic Team,103,NA,Y,,16.00000057,6479,48,17.29452529,89.6411,106.4606,35.03708328,17393.11322,34711.26665,436223.4231,476227.7094,16.34545507,1,12.56719979,0.420585257,16308.99627,425772.9285,0.351317191,135459.8477,17061.04347,1.639229231,10.7469622,2.390354358,64.79,0.295860583,1.019463625,0.256247643,0.420585257,12.56719979
142,MTQ74PlLgla,MTQ74PlLgla,Laminar,Laminar,,Y,High,No branches missing,Lgla,LZ,Minor,Y,MAYBE,"Mantis Reef, QLD",Mesophotic Team,40,NA,Y,,22.2608291,7962,47,34.41130157,85.4412,127.6037,38.79300649,21039.89386,28574.88227,350653.7473,284652.5736,22.51060901,1,12.2713978,0.325838588,20633.11601,341557.4545,-0.300610006,163281.5804,20693.49337,2.2597067,12.90147615,2.207295271,79.62,0.214830965,1.016739585,0.17500371,0.325838588,12.2713978
144,MTQ72BuAspe,MTQ72BuAspe,Tabular,Corymbose,Table/Plate,Y,Medium,Few branches missing,Aspe,LZ,Minor,Y,Y,"Brunei, Mampak",C.C. Wallace,38,NA,Y,,29.6202548,12012,95,63.37793142,191.9804,177.1223,52.37088301,43304.05483,55924.36966,1525325.329,1030157.926,29.61155168,1,27.27478804,0.481691532,41790.14357,1497674.214,0.37771499,669246.6919,54803.83493,11.15426544,36.0361958,2.480292317,120.12,0.163313828,0.790164683,0.083563162,0.481691532,27.27478804
145,MTQ71PlLhaw,MTQ71PlLhaw,Laminar,Encrusting,,Y,High,Minor damage,Lhaw,LZ,Minor,Y,Y,"Mantis Reef, QLD",Mesophotic Team,49.5,NA,Y,,32.00325513,30962,205,26.12479892,194.6644,207.7937,47.13561597,73388.42704,109134.8941,2437481.483,2118569.648,32.13550718,1,22.33457505,0.406216822,71675.53453,2399375.869,0.473296534,701317.5358,69334.01161,3.221326717,20.77045113,2.372979941,309.62,0.150486994,1.058476574,0.155614096,0.406216822,22.33457505
146,MTQ70CoSpis,MTQ70CoSpis,Corymbose,Branching-closed,,Y,High,Lots of branches missing,Spis,LZ,Minor,Y,N,"Bewick Island, QLD",AIMS Monograph,0 to 12,NA,Y,,17.18391366,8900,221,41.40076491,116.409,152.5978,41.73792483,51493.09533,108097.642,1652159.019,2396835.565,22.69193435,1,15.28395059,0.46546098,50788.53254,1627494.945,-0.082838759,633472.1867,39508.9924,4.680965262,15.41294843,2.333483949,89,0.213114307,1.303325957,0.170643075,0.46546098,15.28395059
148,MTQ69CoSpis,MTQ69CoSpis,BranchingThick,Branching-closed,,Y,High,Few branches missing,Spis,LZ,Minor,Y,MAYBE,"Maer Island, QLD",AIMS Monograph,NA,NA,Y,,13.64789756,13802,887,44.08974979,127.2546,170.2242,117.7379907,87147.82793,495064.5265,5226052.709,18852786.7,13.92564635,1,10.55630616,0.481385653,83682.61496,5165458.669,1.218427005,1200768.442,57951.22395,1.451755181,6.908866295,2.410185151,138.02,0.347271196,1.503813414,0.412289755,0.481385653,10.55630616
149,MTQ68CoSpis,MTQ68CoSpis,Corymbose,Branching-closed,,Y,Medium,Lots of branches missing,Spis,LZ,Minor,Y,MAYBE,"Sue Island, QLD",AIMS Monograph,2 to 10,NA,Y,,17.19319766,13051,793,60.32540476,156.8039,144.8177,140.196282,103230.419,460644.448,10100669.43,24888211.57,17.30734548,1,21.9272575,0.69958298,99494.85001,9944427.338,1.039552845,1914432.366,81621.37387,3.096926054,11.27430869,2.417465882,130.51,0.279417538,1.264747383,0.240616726,0.69958298,21.9272575
150,MTQ67BuAspe,MTQ67BuAspe,BranchingClosed,Corymbose,Table/Plate,Y,Medium,Few branches missing,Aspe,LZ,Minor,Y,N,"Gag Island, Halmahera Sea, Indonesia",C.C. Wallace,12,NA,Y,,28.93510407,16308,292,40.13730357,152.3385,196.634,56.81407658,92541.58564,177354.471,3149873.911,3337860.257,29.31627875,1,17.76032988,0.334974666,90439.53326,3090222.338,-0.422238811,947579.8197,57652.52948,4.885823126,17.55129439,2.403010289,163.08,0.164958722,1.605160892,0.187165732,0.334974666,17.76032988
151,MTQ66PrIcun,MTQ66PrIcun,BranchingThick,Encrusting,Cuneiform,P,Medium,Some damage,Icun,LZ,No,Y,N,"Chesterfield Atoll, Bennet Island, QLD",AIMS Monograph,2 to 5,NA,Y,Difficult to determine orientation,14.84236415,15611,801,92.64110389,165.8925,242.096,123.9210518,82668.98787,397357.1458,4773137.782,13345699.62,15.29520383,1,12.01221076,0.45684265,82206.0466,4765534.048,0.032689783,1818635.543,82684.47546,3.630328608,13.53088616,2.4957115,156.11,0.316175967,0.99981269,0.218491906,0.45684265,12.01221076
152,MTQ65PrIcun,MTQ65PrIcun,Laminar,Encrusting,Cuneiform,Y,Medium,Minor damage,Icun,LZ,Some,Y,MAYBE,"Chesterfield Atoll, Bennet Island, QLD",AIMS Monograph,10 to 20,Extra speciemens: Echinopora somthingii,Y,,17.89682847,53866,2697,60.62764084,211.8286,402.137,163.7308425,233919.1531,1442105.428,19367462.85,68073726.29,18.32600392,1,13.42999095,0.417814501,221606.9746,19198792.81,1.255880483,6255337.406,195946.5365,3.63817119,14.1789322,2.319205774,538.66,0.263885999,1.193790701,0.230539991,0.417814501,13.42999095
155,MTQ62MeLhem,MTQ62MeLhem,Submassive,Massive,,Y,Medium,Major damage,Lhem,LZ,No,Y,MAYBE,"Orpheus Island, QLD",AIMS Monograph,NA,NA,Y,,13.41545183,35756,1978,63.28140957,223.002,247.602,120.1646194,197115.4211,1742747.73,14316063.07,83387367.67,13.61123666,1,8.214650249,0.397607191,192569.8805,14179742.82,0.072515323,3063824.298,113843.2821,1.562562876,7.378211754,2.393484931,357.56,0.355292909,1.731462915,0.568814514,0.397607191,8.214650249
159,MTQ4ArArob,MTQ4ArArob,Arborescent,Branching-open,Arborescent-table,P,High,Some branches missing,Arob,LZ,No,N,MAYBE,"Britomart Reef, QLD",AIMS Monograph,2 to 15,NA,Y,,21.3698959,35975,1862,92.91845227,204.8124,391.04,172.2572035,221920.6138,1042310.853,19146765.55,52121392.56,21.5873569,1,18.36953485,0.493196134,220157.7145,19102215.97,-0.401814793,7069196.285,207099.1483,6.287152312,19.55967111,2.226028607,359.75,0.224018896,1.071567004,0.147444039,0.493196134,18.36953485
163,MTQ45CoAmil,MTQ45CoAmil,Corymbose,Corymbose,Corymbose,Y,High,Few branches missing,Amil,LZ,Minor,Y,N,"Palm Island, QLD",AIMS Monograph,0 to 3,NA,Y,,20.16768428,12055,277,51.12849436,145.2861,178.0019,70.28197013,71926.84532,210271.9371,3772972.857,6512312.791,20.34089864,1,17.94330194,0.520827009,69852.84523,3722697.746,0.238525175,808531.2652,47757.34715,3.260473729,12.24512688,2.188364366,120.55,0.237746422,1.50608963,0.26006655,0.520827009,17.94330194
164,MTQ44CoAmil,MTQ44CoAmil,Corymbose,Corymbose,Corymbose,Y,Medium,Some branches missing,Amil,LZ,Minor,Y,MAYBE,"Triangle Reef, QLD",AIMS Monograph,8 to 15,NA,Y,,23.08724197,32026,1194,66.02260568,218.589,267.928,123.8813488,225245.2779,956649.076,18923349.23,44617751.12,23.19996114,1,19.78086814,0.473337379,220139.1033,18772575,0.372874378,3159743.241,120081.1019,2.832619042,11.38377367,2.405962359,320.26,0.208447585,1.875776241,0.30276165,0.473337379,19.78086814
165,MTQ43CoAmil,MTQ43CoAmil,Corymbose,Corymbose,Corymbose,Y,Medium,Few branches missing,Amil,LZ,Some,Y,MAYBE,"Darley Reef, QLD",AIMS Monograph,NA,NA,Y,,23.49771793,37657,1552,54.87495638,183.4649,320.147,115.2359335,253260.8032,1108550.774,18897599.72,44029896.88,23.64454278,1,17.0471215,0.383772233,243835.0196,18665651.41,0.926133175,3743896.909,138700.6034,2.63365729,11.31371895,2.484595012,376.57,0.204528204,1.825953147,0.296095432,0.383772233,17.0471215
166,MTQ42CoAmil,MTQ42CoAmil,Corymbose,Corymbose,Corymbose,Y,High,No branches missing,Amil,LZ,Minor,Y,N,"Houghton Island, QLD",AIMS Monograph,NA,NA,Y,,12.72927894,7689,236,36.02665706,107.0695,119.1066,48.18503232,42510.90079,182403.0199,1507125.075,3774231.162,13.21738757,1,8.262610324,0.364854016,40035.03901,1434576.408,0.056549059,435903.5738,30311.59558,1.661943505,7.497450792,2.477916956,76.89,0.365879856,1.402463314,0.418448095,0.364854016,8.262610324
167,MTQ41TaAhya,MTQ41TaAhya,Tabular,Table/Plate,Table/Plate,Y,Medium,Few branches missing,Ahya,LZ,Some,Y,MAYBE,"Houghton Island, QLD",AIMS Monograph,NA,NA,Y,,18.81608259,15162,515,70.63906284,148.4628,178.4174,104.8894141,106854.426,429919.8762,9592162.871,20842665.15,18.75861773,1,22.31151291,0.642347275,104386.1436,9518399.526,0.221178964,1153276.202,61441.39652,2.225067608,9.570502312,2.391647473,151.62,0.257800225,1.73912756,0.372781364,0.642347275,22.31151291
168,MTQ40TaAhya,MTQ40TaAhya,Tabular,Table/Plate,Table/Plate,Y,Medium,No branches missing,Ahya,LZ,Some,Y,N,"Great Detached Reef, QLD",AIMS Monograph,0 to 15,NA,Y,Difficult to determine orientation,8.622049461,5165,181,17.26136642,71.2527,107.9848,37.94397669,22804.90658,111053.0878,705052.1481,2178057.99,9.87054664,1,6.348784728,0.408032967,19562.18356,632462.324,0.29269386,183420.5202,18137.61696,1.467584839,7.20754279,2.451800257,51.65,0.489940024,1.257326507,0.605456182,0.408032967,6.348784728
170,MTQ36CoAnas,MTQ36CoAnas,Corymbose,Corymbose,Corymbose,Y,High,Very few branches missing,Anas,LZ,Minor,Y,MAYBE,"Fitzroy Reef, QLD",AIMS Monograph,4 to 10,NA,Y,,20.20129241,7084,199,49.42930802,110.4765,124.7141,95.28594119,52971.15073,133347.5118,3355301.66,4755420.654,20.29470751,1,25.16208675,0.698032619,51443.51201,3326933.787,0.368167926,546381.6195,35199.59792,3.044461743,11.20652655,2.311622681,70.84,0.238287537,1.504879426,0.244055633,0.698032619,25.16208675
171,MTQ35CoAnas,MTQ35CoAnas,Corymbose,Corymbose,Corymbose,Y,Medium,Few branches missing,Anas,LZ,Minor,Y,N,"Magdelaine Cay, QLD",AIMS Monograph,10 to 25,NA,Y,,25.60144409,16406,604,57.00564139,175.111,193.6536,128.689956,130034.2564,357270.9178,8527937.957,13149737.92,25.82613012,1,23.86966734,0.518704732,126593.0933,8457511.672,0.240736629,1963967.725,80544.89182,4.893414843,14.83882155,2.396612868,164.06,0.187251278,1.61443207,0.181912825,0.518704732,23.86966734
173,MTQ32CoAnas,MTQ32CoAnas,Corymbose,Corymbose,Corymbose,Y,Medium,No branches missing,Anas,LZ,Minor,Y,MAYBE,"Fitzroy Reef, QLD",AIMS Monograph,2 to 12,NA,Y,,23.44399784,10830,238,52.26944548,153.6855,133.9727,92.09770241,69192.33485,159912.4694,4480040.538,5569638.277,23.48567784,1,28.01557974,0.6416781,66721.09907,4430150.509,-0.117739413,738845.7592,46555.63774,4.074326326,14.76379319,2.461820028,108.3,0.2059117,1.486228913,0.216435524,0.6416781,28.01557974
174,MTQ31CoAnas,MTQ31CoAnas,Corymbose,Corymbose,Corymbose,P,Medium,Very few branches missing,Anas,LZ,Some,Y,N,"Hope Island, QLD",AIMS Monograph,NA,NA,Y,,11.22298607,3455,76,20.37353965,88.4738,68.2868,36.70490393,19466.69907,54348.29685,527878.0004,963494.0391,13.56755808,1,9.712871074,0.46802363,18478.46727,505215.0275,0.341436863,147628.4125,14494.27271,2.354080109,9.285267663,2.420038001,34.55,0.356436717,1.34306146,0.368142527,0.46802363,9.712871074
175,MTQ30CoAnas,MTQ30CoAnas,Corymbose,Corymbose,Corymbose,Y,Medium,Few branches missing,Anas,LZ,Some,Y,N,"Arden Island, QLD",AIMS Monograph,0 to 5,NA,Y,,16.31651344,6423,140,40.22253884,93.4503,127.4359,45.53749553,40361.15435,115973.3691,1525399.878,2661395.189,16.9716759,1,13.15301857,0.470578054,38290.30794,1465062.965,-0.088496361,422465.2594,30644.34964,3.338038357,12.00644898,2.304658736,64.23,0.28494392,1.317083078,0.274515754,0.470578054,13.15301857
176,MTQ2ArArob,MTQ2ArArob,Arborescent,Branching-open,Arborescent-table,P,High,Very few branches missing,Arob,LZ,No,N,MAYBE,"Britomart Reef, QLD",AIMS Monograph,2 to 15,NA,Y,,21.85110145,49586,3235,152.4211157,267.043,448.743,216.7849072,284226.1516,1450998.109,24510053.88,72832397.09,22.17614932,1,16.8918579,0.443372557,284557.8179,24544838.42,-0.489804813,10875710.04,271071.5426,6.816924994,20.04286176,2.376255061,495.86,0.218071036,1.048528181,0.133416403,0.443372557,16.8918579
177,MTQ29CoAnas,MTQ29CoAnas,Corymbose,Corymbose,Corymbose,Y,High,Some branches missing,Anas,LZ,No,N,MAYBE,"Elizabeth Reef, QLD",AIMS Monograph,5 to 15,NA,Y,,27.13952428,17753,356,76.53510434,190.1222,164.3504,65.50806189,97434.91381,213978.09,3778580.042,4906043.623,27.23548213,1,17.65872404,0.383329577,97061.10007,3748294.44,-0.091296297,937123.2844,59019.83164,3.620077698,15.19834132,2.404630269,177.53,0.177561603,1.650884306,0.228335048,0.383329577,17.65872404
178,MTQ28CoAnas,MTQ28CoAnas,Corymbose,Corymbose,Corymbose,Y,High,Very few branches missing,Anas,LZ,Minor,Y,Y,"Palm Island, QLD",AIMS Monograph,0 to 3,NA,Y,,16.46817528,7538,226,29.45729528,119.3458,129.1334,80.06049427,52887.34063,174744.318,2428933.801,3971379.472,16.92062319,1,13.89993007,0.406509441,48995.80646,2384329.935,0.158785928,573805.9897,35905.045,2.821379921,10.52061506,2.454077763,75.38,0.28580365,1.472977979,0.304535542,0.406509441,13.89993007
179,MTQ27DiAgem,MTQ27DiAgem,Digitate,Digitate,,Y,Medium,Few branches missing,Agem,LZ,Minor,Y,Y,"Tijou Reef, QLD",AIMS Monograph,0 to 10,NA,Y,,12.74030968,8856,374,29.12588469,105.6189,126.6997,73.57834415,52736.01692,252464.7191,1996993.675,5320957.639,13.20201417,1,7.909991075,0.333469056,48887.15012,1967361.819,0.844744517,529279.8281,34468.62804,1.61712287,7.445669682,2.406981493,88.56,0.366305914,1.529971453,0.476996677,0.333469056,7.909991075
180,MTQ26DiAgem,MTQ26DiAgem,Digitate,Digitate,,Y,Medium,Few branches missing,Agem,LZ,Minor,Y,Y,"Lizard Island, QLD",AIMS Monograph,12 to 22,NA,Y,,14.59383309,8005,333,37.43041849,119.3513,117.0246,110.0012611,58016.73566,238441.5871,3453867.35,7839748.095,15.08800966,1,14.48517178,0.530224067,52956.55941,3395446.732,4.365593404,764377.3084,44065.76984,2.80879479,10.56525484,2.364317207,80.05,0.320517813,1.31659417,0.311942263,0.530224067,14.48517178
181,MTQ25DiAgem,MTQ25DiAgem,Digitate,Digitate,,Y,Medium,Very few branches missing,Agem,LZ,Some,Y,MAYBE,"Great Palm Island, QLD",AIMS Monograph,0 to 3,NA,Y,,11.16410525,23685,2112,22.08536312,184.7417,189.8291,81.18363642,112772.0855,936668.4508,4913264.004,23541595.98,11.7799745,1,5.245467593,0.256874728,98902.71379,4747393.522,2.518158166,1507281.567,73653.62452,1.439524747,7.211225746,2.393060222,236.85,0.410525155,1.531113862,0.621428983,0.256874728,5.245467593
182,MTQ24DiAgem,MTQ24DiAgem,Digitate,Digitate,,Y,Medium,Very few branches missing,Agem,LZ,Some,Y,MAYBE,"Sir Charles Hardy Islands, QLD",AIMS Monograph,2 to 5,NA,Y,,17.05935322,18511,1102,38.63519546,165.4324,200.3745,92.51417476,121013.4529,586824.6929,7730215.469,22180787.89,17.26479395,1,13.17295533,0.451473706,114511.6264,7553038.532,1.540159994,1425434.661,68701.31316,1.89003327,8.485216816,2.440881533,185.11,0.280106202,1.761443084,0.411681229,0.451473706,13.17295533
183,MTQ23DiAgem,MTQ23DiAgem,Digitate,Digitate,,Y,High,Few branches missing,Agem,LZ,Major,Y,MAYBE,"Pandora Reef, QLD",AIMS Monograph,NA,NA,Y,,12.22962704,21048,2650,48.39113076,128.0187,247.852,121.9205284,143347.7868,1215924.343,13412791.61,62044497.91,12.58307031,1,11.03094258,0.478073352,132207.134,13067138.75,2.703630727,2064910.877,89029.17148,1.272230741,6.616486534,2.445156935,210.48,0.384323996,1.610121541,0.588850762,0.478073352,11.03094258
184,MTQ22DiAgem,MTQ22DiAgem,Digitate,Digitate,,Y,High,Few branches missing,Agem,LZ,Some,Y,MAYBE,"Yonge Reef, QLD",AIMS Monograph,0 to 35,NA,Y,,11.1939142,4839,260,16.3519586,63.8434,101.6944,63.62178555,30203.05235,131359.4502,1109691.056,2863037.252,11.68808301,1,8.447744368,0.42875767,27020.54098,1065274.9,1.101289267,230893.307,20242.68903,1.400313527,6.725252745,2.473882013,48.39,0.413752696,1.49204744,0.568918397,0.42875767,8.447744368
185,MTQ21DiAgem,MTQ21DiAgem,Digitate,Digitate,,Y,Medium,Few branches missing,Agem,LZ,Some,Y,Y,"Pandora Reef, QLD",AIMS Monograph,NA,NA,Y,,8.488712716,3143,123,11.58193043,73.244,62.9465,48.08388916,17925.38819,86494.359,448358.2466,1208729.752,9.165230248,1,5.183670378,0.315993997,15098.85222,432481.8715,0.969009865,124029.2153,13297.17746,1.195074057,5.971824535,2.378734016,31.43,0.527643685,1.348059635,0.697370848,0.315993997,5.183670378
186,MTQ20DiAgem,MTQ20DiAgem,Digitate,Digitate,,Y,High,Very few branches missing,Agem,LZ,Some,Y,MAYBE,"Britomart Reef, QLD",AIMS Monograph,1 to 3,NA,Y,,14.79205131,22172,1128,63.12270345,165.0659,206.11,121.7832784,126517.9738,775769.4442,11933245.58,42085112.93,14.98524271,1,15.38246404,0.590407144,121949.4336,11811497.79,0.628959194,1852800.334,81714.03463,1.779103573,8.200733252,2.318481679,221.72,0.322715885,1.54830164,0.418701049,0.590407144,15.38246404
188,MTQ19DiAgem,MTQ19DiAgem,Digitate,Digitate,,Y,Medium,Very few branches missing,Agem,LZ,Some,Y,N,"Flinders Reef, QLD",AIMS Monograph,1 to 25,NA,Y,,16.86433603,21993,1030,42.11042192,159.1938,213.432,104.3878875,131502.2566,658971.7191,7221412.741,18549045.2,17.36555579,1,10.95860798,0.323468894,123907.5356,7155295.549,0.718904406,1706846.739,79201.1122,2.116802641,9.417512901,2.491091513,219.93,0.278480915,1.660358711,0.386075506,0.323468894,10.95860798
193,MTQ14ArArob,MTQ14ArArob,Arborescent,Branching-open,Arborescent-table,Y,Medium,Some branches missing,Arob,LZ,Major,Y,MAYBE,"Britomart Reef, QLD",AIMS Monograph,2 to 15,NA,Y,,13.12860493,22375,1757,67.00502691,205.5857,260.013,216.7428661,124479.4766,878988.9055,12754144.41,46788042.6,13.56569841,1,14.51001751,0.555678617,114078.5092,12548171.59,2.137605359,3977640.504,141874.2968,4.032740909,14.45342122,2.159254106,223.75,0.35648558,0.87739273,0.220982491,0.555678617,14.51001751
195,MTQ12ArArob,MTQ12ArArob,Arborescent,Branching-open,Arborescent-table,P,Medium,No branches missing,Arob,LZ,Minor,Y,N,"Sir Charles Hardy Islands, QLD",AIMS Monograph,2 to 5,NA,Y,,22.06162922,36299,1444,100.5199469,242.233,349.244,151.0599404,190504.379,791547.9359,14710097.75,37791224.83,22.26316042,1,18.58396325,0.516124736,188624.1756,14654245.52,-0.013676621,5373186.362,180259.5945,6.372448105,20.44436576,2.300993236,362.99,0.217218749,1.056833505,0.147314439,0.516124736,18.58396325
196,MTQ11ArArob,MTQ11ArArob,Arborescent,Branching-open,Arborescent-table,Y,High,Few branches missing,Arob,LZ,Minor,Y,N,"Britomart Reef, QLD",AIMS Monograph,2 to 15,NA,Y,,18.5336462,27032,964,102.4855211,274.927,274.927,117.5472026,142799.3823,605949.436,8166629.394,20857293.58,19.94200121,1,13.47741067,0.406764247,138120.1653,7986837.233,-0.127237444,4045484.455,142779.9537,5.538127761,17.66501446,2.374922149,270.32,0.242502034,1.000136074,0.149784146,0.406764247,13.47741067
197,MTQ10ArArob,MTQ10ArArob,Arborescent,Branching-open,Arborescent-table,P,Medium,Few branches missing,Arob,LZ,No,N,Y,"Chesterfield Atoll, Bennet Island, QLD",AIMS Monograph,0.5 to 4,NA,Y,,23.05885564,57907,2790,153.4777536,426.14,462.947,193.9818886,294192.125,1426082.028,31566051.53,93585100.52,23.22031136,1,22.13480775,0.583016307,293089.582,31508788.2,-0.621078622,14096550.3,367340.2711,8.890566237,27.31941942,2.373563745,579.07,0.208264902,0.800870877,0.10116532,0.583016307,22.13480775
198,BP9MaGretLZ,BP9MaGretLZ,Massive,Massive,,Y,High,None,Gret,LZ,None,Y,Y,,,,,N,,6.096538858,32792,2498,45.75305684,206.3625,223.609,122.1404308,117516.9034,2505156.009,8099467.937,119306105.6,6.371042293,1,3.233119178,0.350657367,108756.1763,7961916.977,0.188065388,2841982.679,105091.134,0.77719733,4.568179774,2.353096509,327.92,0.759055684,1.118238037,0.881481801,0.350657367,3.233119178
199,BP8MaFsteLZ,BP8MaFsteLZ,Submassive,Massive,,Y,Medium,None,Fste,LZ,Major,Y,N,,,,,N,,6.880657019,3568,418,8.493452775,55.0548,104.3189,40.60349959,15454.44736,92628.93402,280637.0744,1160213.494,7.548993221,1,3.029691288,0.276827368,13373.69983,277625.4741,1.601205996,127964.2637,14159.38418,1.265647196,6.54123848,2.396124491,35.68,0.640612029,1.091463242,0.723865643,0.276827368,3.029691288
200,BP7StMsppLZ,BP7StMsppLZ,Submassive,Submassive,,Y,High,Some edge material missing,Mspp,LZ,None,Y,N,,,,,N,,8.735830022,15746,487,28.55401406,162.3243,185.311,60.65047634,62750.64335,532065.0613,2884998.755,15583159.29,9.55670885,1,5.42226687,0.361439701,54587.29128,2685949.866,0.201375341,1008349.004,56874.32031,1.464520728,7.590894402,2.289749331,157.46,0.506029423,1.1033212,0.527659629,0.361439701,5.42226687
201,BP6MaPsppLZ,BP6MaPsppLZ,Submassive,Submassive,,Y,High,Some edge material missing,Pspp,LZ,Minor,Y,Y,,,,,N,,7.896392781,10089,772,69.52644266,161.6471,87.5336,146.7469711,64494.95458,710464.6659,5402344.133,39265636.43,8.100231273,1,7.60395892,0.619378315,62021.89139,5360814.939,0.149014068,1190214.569,60462.3588,1.056425057,5.834858995,2.437598383,100.89,0.597017011,1.066695972,0.5969215,0.619378315,7.60395892
202,BP5MeSradLZ,BP5MeSradLZ,Submassive,Massive,,Y,High,None,Srad,LZ,None,Y,Y,,,,,N,,7.846601628,7636,249,19.46921565,91.9237,117.4636,55.15086669,30701.5211,216572.3752,781494.335,3593252.958,8.51316766,1,3.608467304,0.276280593,28902.25417,772801.5991,0.349916987,317951.3503,25080.83483,1.274347583,6.496281464,2.40891957,76.36,0.568058337,1.224102838,0.681149412,0.276280593,3.608467304
204,BP2CoApolLZ,BP2CoApolLZ,Corymbose,Corymbose,Corymbose,Y,Medium,Some branches missing,Apol,LZ,Minor,Y,MAYBE,,,,,N,,20.44326392,28593,1879,97.96583761,167.7863,277.419,194.8592857,253464.6959,1370990.952,29934738.37,92715496.57,20.53813879,1,21.83438069,0.608750798,251607.3228,29862988.19,0.243309597,4104425.617,133631.8129,2.696211561,10.14142566,2.552099707,285.93,0.235463199,1.896739185,0.334027482,0.608750798,21.83438069
206,BP21MaGretLZ,BP21MaGretLZ,Massive,Massive,,P,High,None,Gret,LZ,None,Y,Y,,,,,N,Difficult to determine orientation,5.529834555,4065,228,18.31475514,73.3508,75.18,76.61153778,19815.46152,189143.9022,720445.3068,4705600.278,6.013712043,1,3.808979821,0.433402993,17032.61757,693488.9727,2.198175188,207784.16,18597.37279,0.738974368,4.367499452,2.327993476,40.65,0.804158202,1.065497893,0.910290285,0.433402993,3.808979821
208,BP1CoAnasLZ,BP1CoAnasLZ,Corymbose,Corymbose,Corymbose,Y,High,Some branches missing,Anas,LZ,Minor,Y,MAYBE,,,,,N,,26.7428017,25457,NA,80.4554105,179.577,227.806,120.5471272,171185.3468,511678.1562,15352632.56,26484985.85,26.75892541,1,30.00447132,0.647148441,168359.8639,15269687.51,0.410885098,2347711.482,97432.29605,4.039050538,14.32249033,2.383997692,254.57,0.180723844,1.756967184,0.217947631,0.647148441,30.00447132
209,BP19TaAhyaLZ,BP19TaAhyaLZ,Tabular,Table/Plate,Table/Plate,P,High,None,Ahya,LZ,None,N,N,,,,,N,,17.326559,15039,324,74.16627716,153.4898,165.0392,32.83404899,65756.05383,222860.9137,1327153.126,2477449.009,17.88874217,1,5.955073519,0.183355039,64962.85646,1317240.606,-0.04246766,531923.1354,42876.43027,1.851834721,10.19518109,2.534238895,150.39,0.270336272,1.533617734,0.418972026,0.183355039,5.955073519
210,BP17MeSrecLZ,BP17MeSrecLZ,Submassive,Massive,,Y,High,None,Srec,LZ,None,Y,N,,,,,N,,6.957847581,3373,80,8.37944916,65.9925,67.1418,35.67913525,12528.43187,65894.4618,206439.0899,693776.9145,7.679461584,1,3.132874664,0.260668143,10123.45451,195737.0298,0.252638446,85005.86752,10410.61337,1.038516251,5.744947293,2.499956391,33.73,0.629728505,1.203428792,0.775175452,0.260668143,3.132874664
213,BP14EnLirrLZ,BP14EnLirrLZ,Encrusting,Encrusting,,Y,High,Very little edge material missing,Lirr,LZ,None,Y,N,,,,,N,,13.41024966,39032,1257,22.21018509,221.334,271.331,77.76060615,163765.4749,1188939.113,9701464.178,43984263.15,14.59203758,1,8.159765352,0.349208255,147179.7102,9234638.487,0.090313428,2822356.848,119724.2469,2.33141339,10.59188239,2.39791449,390.32,0.331411966,1.367855544,0.421257544,0.349208255,8.159765352
214,BP13TaAhyaLZ,BP13TaAhyaLZ,Tabular,Table/Plate,Table/Plate,P,High,Some branches missing,Ahya,LZ,None,N,N,,,,,N,,24.99076796,20364,316,95.84091881,206.003,193.317,30.46736915,88423.19609,200908.3126,1447508.82,1965696.543,25.77711276,1,7.204822945,0.167052354,88318.28448,1446990.052,-0.054925531,761971.4433,67658.744,3.162444643,18.08100785,2.488039087,203.64,0.187607352,1.306899757,0.263669084,0.167052354,7.204822945
216,BP11PlPbacLZ,BP11PlPbacLZ,Laminar,Encrusting,,Y,High,Lots of edge material missing,Pcru?,LZ,None,N,MAYBE,,,,,N,,20.87601595,32662,408,64.21344484,200.318,239.387,49.36606737,84919.88493,257871.4773,2551218.786,5117467.66,20.96076802,1,9.893373291,0.311781754,84563.26606,2549554.18,0.092623053,997929.8155,79600.84329,2.931070023,17.73309803,2.409749071,326.62,0.230715585,1.066821423,0.258406426,0.311781754,9.893373291
217,BP10MaPsppLZ,BP10MaPsppLZ,Massive,Massive,,Y,High,None,Pspp,LZ,None,Y,N,,,,,N,,5.735200051,8614,665,24.53380875,107.7712,109.967,87.63487163,35905.93181,444598.265,1286314.346,10481720.66,6.163882615,1,2.893205951,0.30889359,31024.53569,1259462.736,1.025806556,521164.2881,33247.80496,0.882936658,4.831216393,2.262395278,86.14,0.784566509,1.079948943,0.853086589,0.30889359,2.893205951